<?xml version="1.0" encoding="UTF-8"?>
<project-private xmlns="http://www.netbeans.org/ns/project-private/1">
    <editor-bookmarks xmlns="http://www.netbeans.org/ns/editor-bookmarks/2" lastBookmarkId="0"/>
    <open-files xmlns="http://www.netbeans.org/ns/projectui-open-files/2">
        <group>
            <file>file:/G:/netbean_workspace/ExamSeatingArrangementSystem/src/java/Model/Floor.java</file>
            <file>file:/G:/netbean_workspace/ExamSeatingArrangementSystem/src/java/Model/Block.java</file>
            <file>file:/G:/netbean_workspace/ExamSeatingArrangementSystem/src/java/Model/Seat.java</file>
            <file>file:/G:/netbean_workspace/ExamSeatingArrangementSystem/src/java/com/Connect.java</file>
            <file>file:/G:/netbean_workspace/ExamSeatingArrangementSystem/src/java/Model/Room.java</file>
            <file>file:/G:/netbean_workspace/ExamSeatingArrangementSystem/src/java/Model/Employee.java</file>
            <file>file:/G:/netbean_workspace/ExamSeatingArrangementSystem/src/java/Model/Student.java</file>
            <file>file:/G:/netbean_workspace/ExamSeatingArrangementSystem/web/search-seat.jsp</file>
            <file>file:/G:/netbean_workspace/ExamSeatingArrangementSystem/src/java/Model/StudentSeat.java</file>
        </group>
    </open-files>
</project-private>
